{
    "bchbrl": {
        "at": 1566569572,
        "ticker": {
            "buy": 1280,
            "high": 1312,
            "last": 1312,
            "low": 1255,
            "open": 1257,
            "sell": 3400,
            "vol": "5.32178168"
        }
    },
    "bchbtc": {
        "at": 1566569572,
        "ticker": {
            "buy": 0.0303,
            "high": 0.0308,
            "last": 0.0303,
            "low": 0.03,
            "open": 0.03,
            "sell": 0.0346,
            "vol": "4.83028345"
        }
    },
    "bcheth": {
        "at": 1566569572,
        "ticker": {
            "buy": 1.6123,
            "high": 1.6379,
            "last": 1.6125,
            "low": 1.5964,
            "open": 1.6087,
            "sell": 1.8153,
            "vol": "5.19171166"
        }
    },
    "bchusdc": {
        "at": 1566569572,
        "ticker": {
            "buy": 305,
            "high": 314,
            "last": 313,
            "low": 302,
            "open": 303,
            "sell": 341,
            "vol": "4.9172319"
        }
    },
    "btcbrl": {
        "at": 1566569572,
        "ticker": {
            "buy": 41900,
            "high": 42500,
            "last": 42500,
            "low": 41700,
            "open": 42023.25,
            "sell": 42500,
            "vol": "8.5407759"
        }
    },
    "btcusdc": {
        "at": 1566569572,
        "ticker": {
            "buy": 8760,
            "high": 10380,
            "last": 10380,
            "low": 10060,
            "open": 10060,
            "sell": 11310,
            "vol": "0.11833582"
        }
    },
    "btgbrl": {
        "at": 1566569572,
        "ticker": {
            "buy": 57,
            "high": 58,
            "last": 58,
            "low": 54,
            "open": 54,
            "sell": 58,
            "vol": "10.18532734"
        }
    },
    "btgbtc": {
        "at": 1566569572,
        "ticker": {
            "buy": 0.0012,
            "high": 0.0013,
            "last": 0.0013,
            "low": 0.0013,
            "open": 0.0013,
            "sell": 0.0014,
            "vol": "10.65311626"
        }
    },
    "btgeth": {
        "at": 1566569572,
        "ticker": {
            "buy": 0.0654,
            "high": 0.0738,
            "last": 0.0727,
            "low": 0.069,
            "open": 0.0702,
            "sell": 0.0815,
            "vol": "11.36337816"
        }
    },
    "dashbrl": {
        "at": 1566569572,
        "ticker": {
            "buy": 353,
            "high": 395,
            "last": 390,
            "low": 371,
            "open": 374,
            "sell": 427,
            "vol": "9.46297922"
        }
    },
    "dashbtc": {
        "at": 1566569572,
        "ticker": {
            "buy": 0.0083,
            "high": 0.0093,
            "last": 0.009,
            "low": 0.0089,
            "open": 0.0089,
            "sell": 0.0101,
            "vol": "10.92391367"
        }
    },
    "dasheth": {
        "at": 1566569572,
        "ticker": {
            "buy": 0.4294,
            "high": 0.4944,
            "last": 0.4833,
            "low": 0.4691,
            "open": 0.4794,
            "sell": 0.5438,
            "vol": "9.74414269"
        }
    },
    "dashusdc": {
        "at": 1566569572,
        "ticker": {
            "buy": 83,
            "high": 94,
            "last": 94,
            "low": 89,
            "open": 89,
            "sell": 107,
            "vol": "4.43749254"
        }
    },
    "dcrbrl": {
        "at": 1566569572,
        "ticker": {
            "buy": 97,
            "high": 108,
            "last": 108,
            "low": 102,
            "open": 103,
            "sell": 113,
            "vol": "8.44030531"
        }
    },
    "dcrbtc": {
        "at": 1566569572,
        "ticker": {
            "buy": 0.0022,
            "high": 0.0025,
            "last": 0.0024,
            "low": 0.0024,
            "open": 0.0024,
            "sell": 0.0027,
            "vol": "8.53417763"
        }
    },
    "dcreth": {
        "at": 1566569572,
        "ticker": {
            "buy": 0.1192,
            "high": 0.1346,
            "last": 0.1326,
            "low": 0.1292,
            "open": 0.1324,
            "sell": 0.1499,
            "vol": "8.5672925"
        }
    },
    "dcrusdc": {
        "at": 1566569572,
        "ticker": {
            "buy": 23,
            "high": 25,
            "last": 25,
            "low": 24,
            "open": 24,
            "sell": 28,
            "vol": "5.1729137"
        }
    },
    "ethbrl": {
        "at": 1566569572,
        "ticker": {
            "buy": 751,
            "high": 808,
            "last": 808,
            "low": 779,
            "open": 781,
            "sell": 808,
            "vol": "11.30816583"
        }
    },
    "ethbtc": {
        "at": 1566569572,
        "ticker": {
            "buy": 0.0169,
            "high": 0.0191,
            "last": 0.0187,
            "low": 0.0186,
            "open": 0.0186,
            "sell": 0.0202,
            "vol": "5.68592489"
        }
    },
    "ethusdc": {
        "at": 1566569572,
        "ticker": {
            "buy": 173,
            "high": 194,
            "last": 194,
            "low": 188,
            "open": 188,
            "sell": 215,
            "vol": "4.74997569"
        }
    },
    "ltcbrl": {
        "at": 1566569572,
        "ticker": {
            "buy": 302,
            "high": 316,
            "last": 316,
            "low": 302,
            "open": 305,
            "sell": 336,
            "vol": "8.97604756"
        }
    },
    "ltcbtc": {
        "at": 1566569572,
        "ticker": {
            "buy": 0.0072,
            "high": 0.0073,
            "last": 0.0071,
            "low": 0.0071,
            "open": 0.0073,
            "sell": 0.0079,
            "vol": "9.52464816"
        }
    },
    "ltceth": {
        "at": 1566569572,
        "ticker": {
            "buy": 0.3818,
            "high": 0.3916,
            "last": 0.3861,
            "low": 0.3814,
            "open": 0.3916,
            "sell": 0.4417,
            "vol": "3.93910496"
        }
    },
    "ltcusdc": {
        "at": 1566569572,
        "ticker": {
            "buy": 66,
            "high": 74,
            "last": 74,
            "low": 72,
            "open": 73,
            "sell": 83,
            "vol": "3.31313783"
        }
    },
    "mftbtc": {
        "at": 1566569572,
        "ticker": {
            "buy": 9e-08,
            "high": 1.1e-07,
            "last": 1e-07,
            "low": 1e-07,
            "open": 1.1e-07,
            "sell": 1.1e-07,
            "vol": "37670.69476552"
        }
    },
    "mfteth": {
        "at": 1566569572,
        "ticker": {
            "buy": 5.06e-06,
            "high": 5.74e-06,
            "last": 5.51e-06,
            "low": 5.26e-06,
            "open": 5.71e-06,
            "sell": 6.06e-06,
            "vol": "37575.7731529"
        }
    },
    "xrpbrl": {
        "at": 1566569572,
        "ticker": {
            "buy": 1.02,
            "high": 1.1421,
            "last": 1.1421,
            "low": 1.1158,
            "open": 1.1221,
            "sell": 1.2,
            "vol": "3434.571659"
        }
    },
    "xrpbtc": {
        "at": 1566569572,
        "ticker": {
            "buy": 2.4e-05,
            "high": 2.6e-05,
            "last": 2.6e-05,
            "low": 2.6e-05,
            "open": 2.6e-05,
            "sell": 2.9e-05,
            "vol": "383.189999"
        }
    },
    "xrpeth": {
        "at": 1566569572,
        "ticker": {
            "buy": 0.0012,
            "high": 0.0014,
            "last": 0.0014,
            "low": 0.0014,
            "open": 0.0014,
            "sell": 0.0015,
            "vol": "390.309739"
        }
    },
    "xrpusdc": {
        "at": 1566569572,
        "ticker": {
            "buy": 0.2341,
            "high": 0.2754,
            "last": 0.2754,